x,y,y_fit,residual
1.0,2.1,2.0781015139042722,0.021898486095727865
2.0,4.0,4.077435412347427,-0.07743541234742679
3.0,6.2,6.097427377535666,0.10257262246433374
4.0,8.1,8.138290858419083,-0.03829085841908331
5.0,10.2,10.200241509403725,-0.00024150940372535956
