x,y,y_fit,residual
1.0,2.1,2.0624045264579323,0.037595473542067825
2.0,4.0,4.090355474719868,-0.0903554747198676
3.0,6.2,6.118306422981803,0.08169357701819724
4.0,8.1,8.146257371243738,-0.04625737124373863
5.0,10.2,10.174208319505674,0.025791680494325675
