x,y,y_fit,residual
1.0,2.1,2.06979315089388,0.03020684910612026
2.0,4.0,4.088562622813087,-0.08856262281308691
3.0,6.2,6.107332094732294,0.09266790526770574
4.0,8.1,8.126101566651501,-0.02610156665150143
