x,y,y_fit,residual
1.0,2.1,2.0498128355433636,0.05018716445663651
2.0,4.0,4.087216748971847,-0.08721674897184695
3.0,6.2,6.119963120774444,0.08003687922555613
4.0,8.1,8.14969077342505,-0.04969077342505024
5.0,10.2,10.177176677478387,0.0228233225216119
